,reviewid,pf_author
0,18656,ian cohen
1,2232,william morris
2,5358,brent dicrescenzo
3,6206,kyle reiter
4,2526,scott plagenhoef
5,5363,matt lemay
6,7276,stephen m. deusner
7,8579,joe tangari
8,6698,amanda petrusich
9,1638,joe tangari
10,7658,chip chanko
11,645,brent dicrescenzo
12,2741,michael sandlin
13,13071,jason crock
14,6968,julianne escobedo shepherd
15,1684,christopher dare
16,7275,michael sandlin
17,2315,david moore
18,6464,nicholas b. sylvester
19,1136,matthew murphy
20,1135,matthew murphy
21,8441,dan lett
22,11858,mark martelli
23,3776,sam ubl
24,7617,ryan schreiber
25,18877,jason heller
26,7920,ryan schreiber
27,11663,joe tangari
28,1495,brent dicrescenzo
29,8623,william bowers
30,1794,johnny loftus
31,561,brendan reid
32,8581,joe tangari
33,2230,joe tangari
34,5533,christopher dare
35,713,joe tangari
36,4566,scott plagenhoef
37,8092,david raposa
38,16095,stephen m. deusner
39,22015,zoe camp
40,6967,rob mitchum
41,6571,jason crock
42,423,william morris
43,7957,joe tangari
44,4853,will bryant
45,11160,marc hogan
46,7195,beatty & garrett
47,11839,cory d. byrom
48,5447,david raposa
49,7928,mark richardson
50,7926,mark richard-san
51,4584,cameron macdonald
52,409,william morris
53,7783,nitsuh abebe
54,1362,ryan kearney
55,680,david m. pecoraro
56,19071,ian cohen
57,8941,dominique leone
58,2527,nick sylvester
59,4646,paul cooper
60,6787,alison fields
61,7163,brian howe
62,5021,cameron macdonald
63,5452,zach hooker
64,3945,dominique leone
65,5453,sam eccleston
66,15610,tom breihan
67,15285,mike powell
68,18866,mark richardson
69,12929,brian howe
70,8165,craig griffith
71,10139,amanda petrusich
72,13444,stephen m. deusner
73,18212,jessica hopper
74,1364,cory d. byrom
75,6162,amanda petrusich
76,12225,joe tangari
77,437,matt lemay
78,3824,kristin sage rockermann
79,2659,zach hooker
80,6088,chris dahlen
81,1728,jason crock
82,5740,brian howe
83,13801,patrick sisson
84,5103,ryan dombal
85,5548,ryan dombal
86,1507,mark richardson
87,1381,isaiah violante
88,3658,brandon stosuy
89,644,ryan schreiber
90,4692,dominique leone
91,16740,paul thompson
92,4674,matthew murphy
93,5607,chris dahlen
94,3342,nick sylvester
95,2159,matthew murphy
96,20439,paul thompson
97,13373,ian cohen
98,5484,mark richard-san
99,3266,sam ubl
100,7922,mark richard-san
101,7923,mark richardson
102,411,nitsuh abebe
103,4648,nick sylvester
104,3536,john motley
105,1496,sam ubl
106,18376,jenn pelly
107,1767,mark richardson
108,3355,marc hogan
109,1150,matthew murphy
110,11537,ian cohen
111,11797,stephen m. deusner
112,19106,andy o'connor
113,3024,andy beta
114,17829,joe tangari
115,7621,joe tangari
116,3733,matthew murphy
117,7752,amanda petrusich
118,2660,stephen m. deusner
119,2291,ryan kearney
120,4213,rob mitchum
121,2598,ryan dombal
122,414,nick sylvester
123,481,mark richardson
124,8312,stephen m. deusner
125,580,joe tangari
126,3586,jess harvell
127,3585,mark richardson
128,5487,sam ubl
129,3550,marc hogan
130,14173,stuart berman
131,5661,sean fennessey
132,7702,mark richardson
133,17990,lindsay zoladz
134,950,nitsuh abebe
135,4854,ryan dombal
136,9522,brian howe
137,7004,rob mitchum
138,9998,eric harvey
139,1252,richard m. juzwiak
140,2625,brian howe
141,980,nitsuh abebe
142,2837,marc hogan
143,2703,joe tangari
144,3438,ryan schreiber
145,6066,mark richard-san
146,6298,david m. pecoraro
147,10560,nate patrin
148,6522,rollie pemberton
149,2366,cameron macdonald
150,5564,dominique leone
151,13908,scott plagenhoef
152,4688,jason nickey
153,5142,brad haywood
154,3267,nick sylvester
155,3723,jason josephes
156,6467,ryan schreiber
157,6468,rob mitchum
158,6470,sam ubl
159,2942,cory d. byrom
160,7854,mia lily clarke
161,5532,kevin adickes
162,7950,mark richardson
163,7467,nicholas b. sylvester
164,2582,cameron macdonald
165,6597,mark richardson
166,21347,brandon stosuy
167,5542,ryan dombal
168,2490,alex linhardt
169,2834,rob mitchum
170,6613,peter macia
171,6610,s. murray
172,1836,jason crock
173,5681,jason crock
174,6210,david raposa
175,9107,alex linhardt
176,2140,william bowers
177,3887,william bowers
178,6014,mark richardson
179,4610,mark richardson
180,5867,adam moerder
181,1779,joe tangari
182,9034,tim finney
183,4641,zach hooker
184,2275,zach baron
185,6550,brandon stosuy
186,9036,jason crock
187,9276,tim finney
188,9093,brandon stosuy
189,13219,mike powell
190,11743,brandon stosuy
191,9055,john motley
192,9033,rachel khong
193,7766,johnny loftus
194,9245,rob mitchum
195,8967,mark richardson
196,4054,kristin sage rockermann
197,4057,brad haywood
198,1074,dominique leone
199,3650,stephen m. deusner
200,3381,sam ubl
201,14083,mark richardson
202,5896,brian howe
203,9235,mark richardson
204,17501,stuart berman
205,2616,jason crock
206,8870,ryan schreiber
207,9314,joe tangari
208,2653,michael idov
209,7203,brandon stosuy
210,9397,mark richardson
211,13413,rob mitchum
212,8864,eric carr
213,12210,david raposa
214,4588,johnny loftus
215,8873,joe tangari
216,3933,brian howe
217,9240,john motley
218,9299,jason crock
219,8256,sam ubl
220,9622,joe tangari
221,5591,brian howe
222,9394,william bowers
223,8696,matthew murphy
224,9247,brian howe
225,9350,jason crock
226,9361,amanda petrusich
227,8402,rob mitchum
228,8400,spencer owen
229,8405,david raposa
230,14352,joshua klein
231,5463,mark richardson
232,9414,cory d. byrom
233,5467,mark richardson
234,9843,eric harvey
235,827,adam moerder
236,9798,joe tangari
237,5604,jamin warren
238,9538,david raposa
239,1075,sam ubl
240,9510,jason crock
241,116,rob mitchum
242,9527,grayson currin
243,3732,brendan reid
244,10090,mark richardson
245,8372,nick mirov
246,8261,jonathan zwickel
247,9607,william bowers
248,14689,martin douglas
249,9732,marc hogan
250,16739,stuart berman
251,9512,adam moerder
252,3265,matt lemay
253,9643,joe tangari
254,2550,stephen m. deusner
255,1673,marc hogan
256,6386,rob mitchum
257,9659,matthew murphy
258,5273,mark richard-san
259,9920,joe tangari
260,9810,chris dahlen
261,1437,matt lemay
262,1438,david m. pecoraro
263,9456,philip sherburne
264,8294,marc hogan
265,9213,zach baron
266,9700,sean fennessey
267,5841,michael idov
268,2385,david m. pecoraro
269,465,johnny loftus
270,9594,william bowers
271,9876,tom breihan
272,6226,sam chennault
273,19388,jonah bromwich
274,21548,ryan dombal
275,3581,matt lemay
276,3582,matt lemay
277,5409,christopher dare
278,9298,cory d. byrom
279,1483,brad haywood
280,18142,patrick bowman
281,4422,joe tangari
282,9834,stephen m. deusner
283,3327,derek miller
284,9629,mark richardson
285,5739,cameron macdonald
286,10077,nitsuh abebe
287,6538,sam ubl
288,10564,mark pytlik
289,9716,joe tangari
290,9815,brian howe
291,10167,carl wilson
292,10011,liz colville
293,10194,jason crock
294,9403,matthew murphy
295,9960,mark richardson
296,9919,brandon stosuy
297,10205,stuart berman
298,10912,jason crock
299,10116,tom breihan
300,10206,mark richardson
301,10515,nitsuh abebe
302,17730,douglas wolk
303,10366,eric harvey
304,10078,andy battaglia
305,9693,jess harvell
306,8671,cameron macdonald
307,10317,stuart berman
308,10157,adam moerder
309,10499,david raposa
310,8625,joe tangari
311,10146,eric harvey
312,10208,matt lemay
313,4366,rob mitchum
314,10682,marc hogan
315,5143,isaiah violante
316,10289,philip sherburne
317,8053,matthew murphy
318,8052,brandon stosuy
319,9233,joe tangari
320,10338,andy battaglia
321,10118,brian howe
322,7818,brandon stosuy
323,10304,nitsuh abebe
324,10003,zach baron
325,10493,jason crock
326,451,johnny loftus
327,1321,amanda petrusich
328,5889,joe tangari
329,10292,jason crock
330,4501,michael sandlin
331,9264,tom breihan
332,10459,david raposa
333,17988,grayson currin
334,11359,amanda petrusich
335,10573,liz colville
336,9517,joe tangari
337,10434,brian howe
338,15818,lindsay zoladz
339,2519,amanda petrusich
340,10756,nitsuh abebe
341,9851,matthew murphy
342,7201,johnny loftus
343,10456,nate patrin
344,2503,andrew bryant
345,10350,jason crock
346,9789,matt lemay
347,8619,jason crock
348,8617,william bowers
349,10312,sam chennault
350,10670,zach baron
351,13359,cosmo lee
352,20420,ryan dombal
353,10731,zach baron
354,10726,david raposa
355,10738,brian howe
356,10701,marc masters
357,6530,hartley goldstein
358,5521,brent s. sirota
359,1044,william bowers
360,22415,raymond cummings
361,10918,grayson currin
362,10715,jessica suarez
363,10751,adam moerder
364,3687,judson picco
365,10967,stephen m. deusner
366,8546,matthew murphy
367,3973,joe tangari
368,10910,joshua klein
369,5679,marc hogan
370,10440,matt lemay
371,11911,jason crock
372,11139,jason crock
373,10898,joe tangari
374,11558,david bevan
375,9167,mark richardson
376,3534,brandon stosuy
377,6805,nick sylvester
378,10882,liz colville
379,8090,jason nickey
380,10845,joshua klein
381,11247,andrew gaerig
382,19373,andy o'connor
383,7929,matthew murphy
384,6437,rob mitchum
385,4559,amanda petrusich
386,1504,scott plagenhoef
387,387,derek miller
388,3364,matthew murphy
389,11327,william bowers
390,11138,robbie mackey
391,10127,zach baron
392,3353,joe tangari
393,1751,brandon stosuy
394,7281,matt lemay
395,7285,william bowers
396,7278,matt lemay
397,11173,jason crock
398,11395,joshua klein
399,10435,stephen m. deusner
400,15622,martin douglas
401,11086,david raposa
402,5389,mark richardson
403,11230,ben westhoff
404,4076,amanda petrusich
405,9112,mark richardson
406,8878,mark richardson
407,12214,joshua klein
408,3613,amanda petrusich
409,11213,robbie mackey
410,10936,nate patrin
411,11102,matt lemay
412,9751,marc hogan
413,15123,nick neyland
414,11478,david raposa
415,11525,brian howe
416,11204,ian cohen
417,2459,brendan reid
418,11424,evan mcgarvey
419,11409,marc hogan
420,7821,jason crock
421,11422,david raposa
422,3279,brent dicrescenzo
423,11499,adam moerder
424,13492,david bevan
425,11526,adam moerder
426,2533,jascha hoffman
427,12035,brian howe
428,454,brian howe
429,11972,stuart berman
430,11527,marc hogan
431,3661,joe tangari
432,11916,mark richardson
433,5815,eric carr
434,10019,jess harvell
435,11516,joe tangari
436,4445,rob mitchum
437,6544,mark richardson
438,11573,jason crock
439,14266,larry fitzmaurice
440,20303,andy o'connor
441,11259,ben westhoff
442,9327,matthew murphy
443,12115,rebecca raber
444,17688,lindsay zoladz
445,5636,joe tangari
446,12395,mia lily clarke
447,12099,rebecca raber
448,6420,brandon stosuy
449,12527,brian howe
450,16674,laura snapes
451,12257,mark richardson
452,18963,ian cohen
453,9040,zach baron
454,3568,johnny loftus
455,12221,aaron leitko
456,12310,adam moerder
457,1806,joe tangari
458,12228,joshua love
459,12229,stephen m. deusner
460,12419,rebecca raber
461,9611,brian howe
462,12313,joshua love
463,7710,william bowers
464,16564,ian cohen
465,12364,mark richardson
466,15596,david bevan
467,11430,mike powell
468,12630,ian cohen
469,1180,joe tangari
470,7120,matthew murphy
471,12394,kasia galazka
472,7437,james p. wisdom
473,12449,douglas wolk
474,3584,brandon stosuy
475,12676,ian cohen
476,6469,ryan kearney
477,12576,mia clarke
478,8618,jedediah gilchrist
479,12299,joshua klein
480,12463,amanda petrusich
481,19452,stephen m. deusner
482,12254,stephen m. deusner
483,2599,ryan dombal
484,11072,grayson currin
485,12375,mia clarke
486,12889,roque strew
487,7061,paul cooper
488,8933,andrew bryant
489,8938,brian howe
490,2691,mark richardson
491,12193,amy granzin
492,11684,stephen m. deusner
493,12779,grayson currin
494,12681,marc hogan
495,9214,sam ubl
496,10218,jason crock
497,12850,joshua love
498,11018,adam moerder
499,10214,joe tangari
500,3293,matt lemay
501,8384,derek miller
502,12862,brian howe
503,12771,joshua love
504,22377,ian cohen
505,8180,jason nickey
506,12993,ian cohen
507,3226,brian howe
508,3222,john dark
509,12724,eric harvey
510,12843,mike orme
511,4171,neil robertson
512,13017,david raposa
513,12312,mia lily clarke
514,13013,jessica suarez
515,12879,amy granzin
516,1058,joe tangari
517,12700,nate patrin
518,12882,matthew perpetua
519,12953,jayson greene
520,21979,grayson haver currin
521,12939,adam moerder
522,12981,joe colly
523,13139,jess harvell
524,7284,matt lemay
525,14247,aaron leitko
526,12834,tom breihan
527,12914,marc masters
528,13110,mike mcgonigal
529,12948,eric harvey
530,14070,jayson greene
531,17715,evan minsker
532,12972,joe tangari
533,13004,marc masters
534,9978,matthew murphy
535,13227,amy granzin
536,5262,mark martelli
537,12959,joe colly
538,12984,joe tangari
539,6909,cameron macdonald
540,6815,joe tangari
541,22277,kevin lozano
542,13220,matthew perpetua
543,1513,matt lemay
544,13287,ian cohen
545,13106,joshua klein
546,13057,mike mcgonigal
547,13244,joshua klein
548,12764,mia clarke
549,1089,william bowers
550,576,andy beta
551,12787,marc hogan
552,246,neil lieberman
553,245,matt lemay
554,19686,stephen m. deusner
555,11586,andrew gaerig
556,13554,paul thompson
557,13450,ian cohen
558,7770,chris dahlen
559,3185,stephen m. deusner
560,10504,marc masters
561,9196,joe tangari
562,13362,joshua klein
563,18333,paul thompson
564,13493,ryan dombal
565,13398,stuart berman
566,13603,grayson currin
567,13544,jess harvell
568,18758,stephen m. deusner
569,12668,marc masters
570,13423,stuart berman
571,13650,stuart berman
572,13440,andrew gaerig
573,12117,evan mcgarvey
574,13842,joe colly
575,13586,joshua klein
576,13515,joshua klein
577,14027,rebecca raber
578,17626,stephen deusner
579,13589,nitsuh abebe
580,13696,matthew perpetua
581,7841,brian howe
582,17886,larry fitzmaurice
583,13608,marc masters
584,12194,joe tangari
585,8201,matt lemay
586,13722,brian howe
587,13627,stuart berman
588,13782,patrick sisson
589,13642,tom breihan
590,13703,david bevan 
591,12978,david raposa
592,10595,marc hogan
593,13617,joe colly
594,11482,brian howe
595,11178,evan mcgarvey
596,12677,amy granzin
597,13954,paul thompson
598,13599,stephen m. deusner
599,13688,stephen m. deusner
600,397,brandon stosuy
601,13825,jason crock
602,2256,nick sylvester
603,10940,grayson currin
604,14013,jess harvell
605,13916,matthew perpetua
606,22566,sheldon pearce
607,789,dan kilian
608,19286,harley brown
609,13877,marc hogan
610,13805,marc hogan
611,18287,nick neyland
612,13990,grayson currin
613,20619,andy o'connor
614,13950,marc masters
615,13937,paul thompson
616,13862,stephen m. deusner
617,14043,jason crock
618,3660,marc hogan
619,11404,cosmo lee
620,14197,david raposa
621,14081,larry fitzmaurice
622,18574,larry fitzmaurice
623,8257,chris dahlen
624,13996,andrew gaerig
625,13169,ian cohen
626,14141,paul thompson
627,13884,stephen m. deusner
628,14244,andrew gaerig
629,14135,mark richardson
630,14191,ian cohen
631,5485,eric carr
632,11155,robbie mackey
633,14249,marc masters
634,824,rob mitchum
635,14463,joe tangari
636,1357,steven byrd
637,2272,sam eccleston
638,14347,paul thompson
639,14433,ian cohen
640,14505,paul thompson
641,6174,matthew murphy
642,13122,amy granzin
643,14405,brian howe
644,14464,jayson greene
645,13490,marc masters
646,13201,douglas wolk
647,7819,brian howe
648,14520,david raposa
649,14574,ian cohen
650,14518,ian cohen
651,14503,tal rosenberg
652,2701,joe tangari
653,11174,chris dahlen
654,14600,jess harvell
655,10021,jess harvell
656,14702,joe tangari
657,9296,joe tangari
658,10010,rob mitchum
659,14588,jess harvell
660,7309,mark martelli
661,14311,tal rosenberg
662,1333,amanda petrusich
663,4042,brian james
664,14590,brian howe
665,14163,brian howe
666,14642,tom breihan
667,14610,zach kelly
668,14437,joe tangari
669,14654,mark richardson
670,15087,marc masters
671,14695,nate patrin
672,15606,ian cohen
673,14066,joshua klein
674,15047,grayson currin
675,14656,paul thompson
676,14926,stephen m. deusner
677,14628,larry fitzmaurice
678,14918,patrick sisson
679,14944,zach kelly
680,14751,tom breihan
681,20136,jes skolnik
682,12060,amanda petrusich
683,14774,jess harvell
684,15013,stuart berman
685,1493,joe tangari
686,9525,william bowers
687,15010,ian cohen
688,19508,stuart berman
689,15064,jess harvell
690,15007,nate patrin
691,4025,david raposa
692,15231,mark pytlik
693,15195,david bevan
694,15036,joshua love
695,4017,brandon stosuy
696,11998,joe tangari
697,11640,mike powell
698,14835,stephen m. deusner
699,15185,grayson currin
700,6257,eric carr
701,14682,david raposa
702,15273,marc masters
703,15357,david bevan 
704,15404,jess harvell
705,15379,matthew murphy
706,15427,jayson greene
707,14935,grayson currin
708,14219,joshua klein
709,15471,amanda petrusich
710,15305,mike powell
711,15730,larry fitzmaurice
712,3510,nitsuh abebe
713,15409,brian howe
714,15371,martin douglas
715,14753,marc masters
716,11956,robbie mackey
717,18217,puja patel
718,11142,joshua klein
719,8719,paul cooper
720,12698,andrew gaerig
721,15892,eric grandy
722,9946,stephen m. deusner
723,283,brian howe
724,11952,jason crock
725,769,nitsuh abebe
726,14126,nate patrin
727,14226,jayson greene
728,19421,grayson haver currin
729,7323,s. murray
730,3737,meg zamula
731,6969,johnny loftus
732,5601,joe tangari
733,18181,craig jenkins
734,5904,stephen m. deusner
735,16003,andrew gaerig
736,12738,stephen m. deusner
737,19484,david drake
738,20221,jayson greene
739,7307,brad haywood
740,6114,stephen m. deusner
741,12113,joe tangari
742,18132,angus finlayson
743,1194,cory d. byrom
744,9332,matthew murphy
745,18337,marc hogan
746,11192,evan mcgarvey
747,5041,nick mirov
748,16539,jenn pelly
749,15602,martin douglas
750,16071,joe colly
751,9345,john motley
752,19404,jason heller
753,12263,jason crock
754,20140,ian cohen
755,15757,ian cohen
756,15196,david bevan 
757,15700,grayson currin
758,4351,david raposa
759,15433,brian howe
760,15082,jayson greene
761,9714,mark pytlik
762,11796,brent dicrescenzo
763,15491,marc hogan
764,3394,eric carr
765,3889,stephen m. deusner
766,2364,julianne escobedo shepherd
767,10399,joshua klein
768,11183,matt lemay
769,15692,nick neyland
770,15721,eric grandy
771,14727,matthew murphy
772,4655,joe tangari
773,16743,douglas wolk
774,14681,marc hogan
775,13681,paul thompson
776,15724,grayson currin
777,6394,kevin adickes
778,15715,larry fitzmaurice
779,15623,joshua love
780,13783,joe tangari
781,15787,lindsay zoladz
782,6699,stephen m. deusner
783,3340,stephen m. deusner
784,16105,joshua love
785,11453,tom ewing
786,15806,aaron leitko
787,15771,paul thompson
788,11094,joe tangari
789,16299,brandon stosuy
790,8672,chris dahlen
791,1426,rob mitchum
792,15540,aaron leitko
793,10342,adam moerder
794,12122,chris dahlen
795,7622,steven byrd
796,14481,paul thompson
797,7311,sam eccleston
798,3479,adam moerder
799,15917,paul thompson
800,15609,nate patrin
801,15078,paul thompson
802,16009,paul thompson
803,15922,paul thompson
804,15970,rob harvilla
805,15776,zach kelly
806,13258,mia clarke
807,1479,matt lemay
808,4916,michael sandlin
809,6238,joe tangari
810,16187,eric grandy
811,19648,jason heller
812,16304,jayson greene
813,7255,brandon stosuy
814,10883,roque strew
815,3744,paul cooper
816,12230,marc hogan
817,13366,cosmo lee
818,16145,carrie battan
819,12466,ian cohen
820,15927,larry fitzmaurice
821,16271,jeff weiss
822,11021,brandon stosuy
823,13066,grayson currin
824,6459,marc hogan
825,605,matthew murphy
826,15499,mark richardson
827,13931,joe colly
828,6417,ryan kearney
829,6415,amanda petrusich
830,6419,amanda petrusich
831,15545,zach kelly
832,1670,william bowers
833,16260,jess harvell
834,10190,zach baron
835,14592,douglas wolk
836,4714,amanda petrusich
837,13015,joe tangari
838,8680,rob mitchum
839,16312,lindsay zoladz
840,9210,joe tangari
841,16336,stuart berman
842,16460,rachael maddux
843,16345,brandon stosuy
844,16350,grayson currin
845,5005,john motley
846,8912,zach baron
847,16572,paul thompson
848,7473,brandon stosuy
849,7475,mark martelli
850,16418,jayson greene
851,1750,brandon stosuy
852,15293,philip sherburne
853,10040,nate patrin
854,6585,philip sherburne
855,13999,grayson currin
856,7116,christopher dare
857,4624,joe tangari
858,1579,brad haywood
859,16456,paul thompson
860,2922,david raposa
861,15354,nick neyland
862,14876,marc masters
863,11805,william bowers
864,15361,tim finney
865,5696,marc hogan
866,5634,jess harvell
867,14030,david raposa
868,6559,stephen m. deusner
869,12611,joshua klein
870,11317,mike mcgonigal
871,16722,katherine st. asaph
872,11159,joe tangari
873,12304,william bowers
874,4104,amanda petrusich
875,22109,kevin lozano
876,9377,marc hogan
877,8909,sam ubl
878,7556,william bowers
879,10044,matt lemay
880,9400,brian howe
881,12152,rebecca raber
882,16738,mike powell
883,7708,marc hogan
884,11962,amy granzin
885,16972,eric harvey
886,16964,mike powell
887,4365,will dukes
888,657,sam ubl
889,17017,jonah bromwich
890,14651,jess harvell
891,15790,jess harvell
892,17031,mark pytlik
893,11927,nitsuh abebe
894,16478,brandon stosuy
895,16035,grayson currin
896,18410,jayson greene
897,19005,andrew gaerig
898,1515,joe tangari
899,17450,andy o'connor
900,6945,sam ubl
901,14493,marc masters
902,14660,rebecca raber
903,18096,lindsay zoladz
904,6817,joe tangari
905,17255,jess harvell
906,17224,marc masters
907,8464,mark richardson
908,14041,brian howe
909,15348,marc masters
910,3839,john dark
911,22325,kevin lozano
912,9162,joe tangari
913,18294,patrick bowman
914,12136,brian howe
915,5711,nick sylvester
916,14389,jason crock
917,6501,sam chennault
918,17154,laura snapes
919,16744,stuart berman
920,3124,ryan schreiber
921,21587,mark richardson
922,4987,jason crock
923,17166,matthew murphy
924,4149,mark pytlik
925,9076,jason crock
926,14534,joe tangari
927,17254,mark pytlik
928,8006,matthew murphy
929,17296,jenn pelly
930,17198,kim kelly
931,14619,nate patrin
932,16416,nate patrin
933,16380,paul thompson
934,17185,matthew murphy
935,6629,jonathan zwickel
936,6074,marc hogan
937,13080,jessica suarez
938,17105,paul thompson
939,17523,eric harvey
940,11336,david raposa
941,5919,rob mitchum
942,5914,ryan dombal
943,17078,jess harvell
944,17787,jillian mapes
945,17619,andrew ryce
946,4846,brandon stosuy
947,18095,evan minsker
948,2780,ryan dombal
949,20043,craig jenkins
950,20130,jenn pelly
951,13868,patrick sisson
952,16871,grayson currin
953,18904,jeremy gordon
954,19163,kim kelly
955,17299,jayson greene
956,11682,cosmo lee
957,18011,mike powell
958,11859,liam singer
959,17446,jayson greene
960,14490,nate patrin
961,18085,hank shteamer
962,18249,stephen m. deusner
963,17513,harley brown
964,17941,andy o'connor
965,17043,jessica hopper
966,18570,evan minsker
967,19300,zoe camp
968,3595,eric carr
969,11333,d. shawn bosler
970,17873,matthew murphy
971,17411,evan minsker
972,6075,christopher dare
973,6722,jascha hoffman
974,6871,dominique leone
975,20693,mark richardson
976,20709,andy beta
977,11778,alexander lloyd linhardt
978,2592,sam ubl
979,4523,ryan kearney
980,16868,mike powell
981,17047,steven hyden
982,1250,liam singer
983,15189,joshua love
984,4687,brian james
985,18448,stuart berman
986,6963,joe tangari
987,17831,paul thompson
988,16908,aaron leitko
989,11171,ian cohen
990,2388,cory d. byrom
991,18441,jonah bromwich
992,13097,matthew perpetua
993,15574,stephen m. deusner
994,10081,mark richardson
995,9603,stuart berman
996,3970,rollie pemberton
997,17560,nick neyland
998,16981,stuart berman
999,1749,marc hogan
1000,4691,sam chennault
1001,8288,brian howe
1002,16360,lindsay zoladz
1003,11903,joshua klein
1004,8003,paul cooper
1005,5320,joe tangari
1006,6964,joe tangari
1007,3778,jason crock
1008,14997,hari ashurst
1009,14338,joe colly
1010,5650,joe tangari
1011,15586,aaron leitko
1012,18590,nick neyland
1013,13484,paul thompson
1014,7472,sam ubl
1015,12227,andrew gaerig
1016,6281,mark richardson
1017,11585,eric harvey
1018,17576,grayson currin
1019,17908,harley brown
1020,19037,andy beta
1021,16696,grayson currin
1022,8818,mark martelli
1023,9951,d. shawn bosler
1024,10655,nate patrin
1025,10811,adam moerder
1026,3765,rachel khong
1027,17583,lindsay zoladz
1028,12184,grayson currin
1029,3659,adam moerder
1030,11182,eric harvey
1031,19241,jason heller
1032,2531,amanda petrusich
1033,17530,ian cohen
1034,17622,brian howe
1035,14036,stephen m. deusner
1036,17590,jessica hopper
1037,7537,ryan schreiber
1038,17658,miles raymer
1039,17648,katherine st asaph
1040,17774,nick neyland
1041,4864,dominique leone
1042,7918,mark richardson
1043,9492,brian howe
1044,17531,joe tangari
1045,17721,mike powell
1046,17313,jayson greene
1047,11448,stephen m. deusner
1048,8994,stephen m. deusner
1049,13667,david bevan 
1050,14017,david bevan 
1051,10299,adam moerder
1052,10053,adam moerder
1053,10901,dominique leone
1054,17748,steven hyden
1055,17866,evan minsker
1056,1660,alison fields
1057,16447,nate patrin
1058,16264,andrew gaerig
1059,18065,ian cohen
1060,7270,amanda petrusich
1061,18573,nick neyland
1062,20780,meaghan garvey
1063,19124,jeremy d. larson
1064,18255,grayson haver currin
1065,11739,dominique leone
1066,12197,mia clarke
1067,19080,kim kelly
1068,18747,jamieson cox
1069,8657,joe tangari
1070,18060,brandon stosuy
1071,19188,ian cohen
1072,11208,brian howe
1073,9353,tim finney
1074,15460,grayson currin
1075,15526,martin douglas
1076,19086,lindsay zoladz
1077,18630,grayson currin
1078,14280,ian cohen
1079,18533,mark richardson
1080,18377,jason heller
1081,16364,ryan dombal
1082,18720,stuart berman
1083,18456,jenn pelly
1084,18906,paul thompson
1085,13073,ian cohen
1086,18853,steven hyden
1087,12952,joshua love
1088,18644,andy o'connor
1089,17293,marc masters
1090,86,chris dahlen
1091,20180,brandon stosuy
1092,18158,andrew ryce
1093,5102,stephen m. deusner
1094,18538,larry fitzmaurice
1095,8124,matthew murphy
1096,13321,paul thompson
1097,85,meg zamula
1098,18860,ian cohen
1099,2227,brent dicrescenzo
1100,17630,jayson greene
1101,16637,lindsay zoladz
1102,1287,stephen m. deusner
1103,18857,grayson haver currin
1104,16213,rachael maddux
1105,18395,grayson currin
1106,16124,nick neyland
1107,18871,grayson haver currin
1108,11500,joe tangari
1109,18663,zach kelly
1110,10798,marc hogan
1111,19094,stuart berman
1112,13038,eric harvey
1113,3128,adam moerder
1114,18418,grayson currin
1115,12104,eric harvey
1116,18550,paul thompson
1117,3544,amanda petrusich
1118,18434,nick neyland
1119,8074,joe tangari
1120,10240,rob mitchum
1121,19014,nate patrin
1122,9518,marc hogan
1123,14933,david raposa
1124,9857,marc masters
1125,19430,ian cohen
1126,10876,ian cohen
1127,19487,stuart berman
1128,3772,brad haywood
1129,11260,grayson currin
1130,12803,andrew gaerig
1131,17571,mark richardson
1132,18631,aaron leitko
1133,19205,ian cohen
1134,10791,nate patrin
1135,1251,eric carr
1136,19110,nick neyland
1137,18495,lindsay zoladz
1138,19312,ian cohen
1139,19143,jeremy d. larson
1140,17136,ian cohen
1141,4056,brad haywood
1142,6568,brian howe
1143,19226,lindsay zoladz
1144,11265,joshua love
1145,17854,grayson currin
1146,19823,jason heller
1147,19170,marc hogan
1148,15280,ian cohen
1149,17337,grayson currin
1150,18119,laura snapes
1151,19245,stephen m. deusner
1152,19006,paul thompson
1153,17796,laura snapes
1154,17035,laura snapes
1155,17112,lindsay zoladz
1156,14977,larry fitzmaurice
1157,19167,matthew murphy
1158,18493,jeremy d. larson
1159,17824,stephen m. deusner
1160,2292,matt lemay
1161,19248,stuart berman
1162,5758,mark richardson
1163,18613,grayson currin
1164,19127,stuart berman
1165,15344,david bevan
1166,15909,nate patrin
1167,14213,tal rosenberg
1168,83,will bryant
1169,14256,marc masters
1170,20056,andy beta
1171,2586,scott plagenhoef
1172,15402,andrew gaerig
1173,13750,mike orme
1174,19497,grayson haver currin
1175,497,scott plagenhoef
1176,19089,grayson haver currin
1177,82,brendan reid
1178,12490,paul thompson
1179,5361,brent dicrescenzo
1180,20873,philip sherburne
1181,12603,stephen m. deusner
1182,20689,ian cohen
1183,6296,andrew goldman
1184,20655,jason heller
1185,12694,marc masters
1186,17997,miles raymer
1187,13590,douglas wolk
1188,19963,nate patrin
1189,20608,jason heller
1190,9045,brian howe
1191,19762,jamieson cox
1192,18028,mark richardson
1193,11292,eric harvey
1194,9135,matthew murphy
1195,21498,zoe camp
1196,19336,jason heller
1197,18957,stuart berman
1198,17321,stuart berman
1199,21274,max mertens
1200,17476,stephen m. deusner
1201,4907,chris dahlen
1202,17354,lindsay zoladz
1203,20261,andy o'connor
1204,9168,sam ubl
1205,20985,anupa mistry
1206,18779,ian cohen
1207,18452,jason heller
1208,11781,mark pytlik
1209,20225,jonathan k. dick
1210,14540,ian cohen
1211,20338,aaron leitko
1212,20381,jeremy gordon
1213,1149,jason crock
1214,20813,stephen m. deusner
1215,19194,grayson haver currin
1216,20327,winston cook-wilson
1217,20212,jason heller
1218,20232,stuart berman
1219,21781,philip sherburne
1220,18388,ian cohen
1221,19573,jason heller
1222,11503,eric harvey
1223,11853,chris dahlen
1224,19074,grayson haver currin
1225,19932,mark richardson
1226,490,brian howe
1227,20437,brandon stosuy
1228,3588,matt lemay
1229,11289,tom breihan
1230,12372,chris dahlen
1231,7240,stephen m. deusner
1232,15680,ian cohen
1233,19414,ian cohen
1234,8004,zach hooker
1235,13798,joe tangari
1236,9326,sam ubl
1237,8882,jonathan zwickel
1238,5605,sam ubl
1239,19295,evan minsker
1240,9773,grayson currin
1241,3961,william morris
1242,6115,brandon stosuy
1243,6013,spencer owen
1244,20240,stuart berman
1245,15751,lindsay zoladz
1246,22485,jesse jarnow
1247,11270,roque strew
1248,20374,ned raggett
1249,20680,laura snapes
1250,19839,philip sherburne
1251,20706,jayson greene
1252,2386,mark martelli
1253,20463,andy o'connor
1254,19668,stuart berman
1255,15798,stuart berman
1256,20724,grayson haver currin
1257,356,chris dahlen & ryan schreiber
1258,20094,grayson haver currin
1259,9302,jess harvell
1260,13121,brian howe
1261,20702,jeremy gordon
1262,8218,mark richardson
1263,13760,joshua klein
1264,14705,matthew perpetua
1265,19718,mike powell
1266,677,william morris
1267,4982,joe tangari
1268,1792,jason crock
1269,21011,sasha geffen
1270,12349,joe tangari
1271,4722,joe tangari
1272,4723,joe tangari
1273,20880,philip sherburne
1274,4037,mia lily clarke
1275,2201,dominique leone
1276,19808,grayson haver currin
1277,21387,marcus j. moore
1278,9095,brandon stosuy
1279,13465,cosmo lee
1280,19420,stephen m. deusner
1281,20930,grayson haver currin
1282,6260,dominique leone
1283,21332,ryan dombal
1284,16555,joe colly
1285,21382,evan rytlewski
1286,21207,miles raymer
1287,21149,jason heller
1288,13966,tom breihan
1289,21124,evan minsker
1290,1494,joe tangari
1291,11900,douglas wolk
1292,19754,jamieson cox
1293,19850,ian cohen
1294,19400,ian cohen
1295,20448,sam lefebvre
1296,3440,brandon stosuy
1297,20944,pat healy
1298,18238,aaron leitko
1299,18981,grayson haver currin
1300,21295,evan minsker
1301,8460,paul cooper
1302,9422,jason crock
1303,12825,joe tangari
1304,21428,brandon stosuy
1305,9330,stephen m. deusner
1306,19570,brandon stosuy
1307,15799,martin douglas
1308,18802,paul thompson
1309,10276,nate patrin
1310,9258,rachel khong
1311,2453,matt lemay
1312,15477,joshua love
1313,21569,winston cook-wilson
1314,19959,jason heller
1315,10716,mike powell
1316,20521,andy beta
1317,21850,kathy iandoli
1318,20895,philip sherburne
1319,21595,stuart berman
1320,5887,andy beta
1321,21593,zoe camp
1322,15032,stuart berman
1323,17607,grayson currin
1324,20530,evan minsker
1325,21864,marcus j. moore
1326,21017,chris randle
1327,21525,evan rytlewski
1328,19659,jason heller
1329,22067,cameron cook
1330,21695,philip sherburne
1331,21899,jonah bromwich
1332,19594,stuart berman
1333,20562,stephen m. deusner
1334,21562,mark richardson
1335,21660,marcus j. moore
1336,21776,t. cole rachel
1337,15166,mark richardson
1338,17732,nick neyland
1339,21315,ian cohen
1340,10062,joe tangari
1341,5151,mark richard-san
1342,19306,marc masters
1343,21458,robert ham
1344,21161,andrew gaerig
1345,11761,david raposa
1346,4075,ryan kearney
1347,21117,philip sherburne
1348,9354,stephen m. deusner
1349,14862,jayson greene
1350,5356,spencer owen
1351,22074,sam sodomsky
1352,19130,mike powell
1353,21765,kevin lozano
1354,14297,mike orme
1355,22479,john s.w. macdonald
1356,21750,evan rytlewski
1357,15905,jess harvell
1358,12797,stephen m. deusner
1359,12265,stuart berman
1360,14641,nitsuh abebe
1361,21636,laura snapes
1362,11554,nate patrin
1363,21628,philip sherburne
1364,1086,scott plagenhoef
1365,19914,stephen m. deusner
1366,15508,matthew murphy
1367,19930,jayson greene
1368,19927,paul thompson
1369,16356,joe tangari
1370,20148,jenn pelly
1371,18007,grayson currin
1372,21779,robert ham
1373,1719,alexander lloyd linhardt
1374,20035,philip sherburne
1375,6957,rob mitchum
1376,10466,stephen m. deusner
1377,8403,matt lemay
1378,21887,pat healy
1379,21528,sam hockley-smith
1380,19240,jayson greene
1381,21644,allison hussey
1382,22314,jenn pelly
1383,1363,dominique leone
1384,21916,sam sodomsky
1385,6612,jamin warren
1386,22150,evan rytlewski
1387,8091,jason nickey
1388,22006,kevin lozano
1389,21992,zoe camp
1390,9074,cory d. byrom
1391,21994,saby reyes-kulkarni
1392,19615,marc masters
1393,20692,saby reyes-kulkarni
1394,16771,brandon stosuy
1395,21907,jayson greene
1396,9331,jess harvell
1397,22048,ian cohen
1398,14684,joshua klein
1399,22052,marcus j. moore
1400,8401,nick mirov
1401,7763,jonathan zwickel
1402,9019,mark richardson
1403,16816,larry fitzmaurice
1404,15733,stuart berman
1405,11969,stephen m. deusner
1406,22745,sheldon pearce
1407,22117,nathan reese
1408,21166,jay balfour
1409,22147,jason heller
1410,22323,laura snapes
1411,22286,colin joyce
1412,5240,matt lemay
1413,21908,jay balfour
1414,5144,brandon stosuy
1415,22476,jason heller
1416,22458,quinn moreland
1417,5239,alex linhardt
1418,18799,jayson greene
1419,9295,ryan dombal
1420,22143,stacey anderson
1421,12835,brian howe
1422,18274,ian cohen
1423,22420,amanda petrusich
1424,13674,douglas wolk
1425,9796,rob mitchum
1426,19431,miles raymer
1427,8758,brad hurst
1428,18185,brian howe
1429,22364,evan rytlewski
1430,18082,brandon stosuy
1431,18914,larry fitzmaurice
1432,15262,stephen m. deusner
1433,18038,aaron leitko
1434,7538,rob mitchum
1435,18107,ian cohen
1436,9202,brian howe
1437,11542,david raposa
1438,15893,david raposa
1439,15103,larry fitzmaurice
1440,16878,grayson currin
1441,12780,rebecca raber
1442,22474,brad nelson
1443,13083,tom breihan
1444,21035,stuart berman
1445,15604,mark pytlik
1446,19681,stephen m. deusner
1447,19054,nick neyland
1448,19700,zoe camp
1449,22430,cameron cook
1450,10785,mark pytlik
1451,4082,david m. pecoraro
1452,22547,jay balfour
1453,18365,brandon stosuy
1454,14399,patrick sisson
1455,2190,brandon stosuy
1456,22645,marcus j. moore
1457,22498,sam sodomsky
1458,20474,stuart berman
1459,9649,jason crock
1460,21225,miles raymer
1461,473,sam ubl
1462,4444,jason nickey
1463,10303,brandon stosuy
1464,22607,kris ex
1465,6100,jamin warren
1466,15245,zach kelly
1467,4132,brendan reid
1468,22441,marc masters
1469,5385,michael idov
1470,11551,nate patrin
1471,6656,brent dicrescenzo
1472,6659,ryan schreiber
1473,15149,mark pytlik
1474,9225,peter macia
1475,17173,stuart berman
1476,9658,sean fennessey
1477,15773,brandon stosuy
1478,15240,brian howe
1479,22209,nathan reese
1480,20090,grayson haver currin
1481,10359,tom breihan
1482,11361,joe tangari
1483,998,brendan reid
1484,1530,brian howe
1485,21861,laura snapes
1486,22191,kris ex
1487,19165,corban goble
1488,17231,zach kelly
1489,5218,dominique leone
1490,17102,brandon stosuy
1491,4463,joe tangari
1492,22557,andy o'connor
1493,19936,jeff weiss
1494,5424,al shipley
1495,6542,sam ubl
1496,22460,andy o'connor
1497,5217,brendan reid
1498,10001,adam moerder
1499,14613,jess harvell
1500,13223,stephen m. deusner
1501,2200,dominique leone
1502,11616,amanda petrusich
1503,21745,stephen m. deusner
1504,6099,jason crock
1505,13076,david bevan
1506,19342,stephen m. deusner
1507,15254,nate patrin
1508,18491,lindsay zoladz
1509,1632,sam chennault
1510,17924,ian cohen
1511,17910,nick neyland
1512,9605,grayson currin
1513,22482,julianne escobedo shepherd
1514,10117,adam moerder
1515,21597,jenn pelly
1516,18555,matthew murphy
1517,9983,brandon stosuy
1518,13664,andrew gaerig
1519,5152,mark richardson
1520,21784,jason heller
1521,15259,grayson currin
1522,11612,ian cohen
1523,1497,chris dahlen
1524,5070,matt lemay
1525,18502,ian cohen
1526,22344,mehan jayasuriya
1527,882,eric carr
1528,18787,ian cohen
1529,2620,sam ubl
1530,3282,hartley goldstein
1531,880,eric carr
1532,2428,alison fields
1533,22044,jeff weiss
1534,18928,jayson greene
1535,19721,kim kelly
1536,18892,ian cohen
1537,18827,grayson haver currin
1538,15034,mark richardson
1539,19592,patrick st. michel
1540,5719,joe tangari
1541,15436,david bevan
1542,10582,david raposa
1543,13993,joshua love
1544,10016,joe tangari
1545,21508,raymond cummings
1546,20590,jeremy d. larson
1547,18675,brandon stosuy
1548,18753,stephen m. deusner
1549,18577,jason heller
1550,19444,grayson haver currin
1551,12721,ian cohen
1552,13352,joe tangari
1553,2293,matt lemay
1554,13262,stephen m. deusner
1555,15142,martin douglas
1556,5455,william bowers
1557,5456,brandon stosuy
1558,9334,tom breihan
1559,19294,winston cook-wilson
1560,20070,nate patrin
1561,17025,hank shteamer
1562,22081,evan rytlewski
1563,14615,jess harvell
1564,5260,joe tangari
1565,18576,stuart berman
1566,4837,brad haywood
1567,11147,jason crock
1568,20774,nate patrin
1569,15865,grayson currin
1570,12977,grayson currin
1571,14700,rebecca raber
1572,16221,mike powell
1573,15400,marc hogan
1574,20467,evan rytlewski
1575,19008,stuart berman
1576,8970,matt lemay
1577,15066,tom breihan
1578,15723,mike powell
1579,3545,ryan schreiber
1580,4369,jason nickey
1581,20820,paul thompson
1582,3729,scott plagenhoef
1583,2631,stephen m. deusner
1584,15408,zach kelly
1585,5148,sam ubl
1586,11185,brian howe
1587,20685,sasha geffen
1588,15125,stephen m. deusner
1589,10377,adam moerder
1590,21276,grayson haver currin
1591,452,david moore
1592,12097,stuart berman
1593,11556,adam moerder
1594,14148,paul thompson
1595,13697,zach kelly
1596,8821,christopher dare
1597,8823,matt lemay
1598,22185,stuart berman
1599,22251,grayson haver currin
1600,1032,chris dahlen
1601,18690,joel oliphint
1602,14816,stephen m. deusner
1603,18219,nate patrin
1604,11300,tom ewing
1605,2242,nick sylvester
1606,2532,matthew murphy
1607,12476,marc hogan
1608,20595,pat healy
1609,17959,evan minsker
1610,21482,ron hart
1611,15948,nate patrin
1612,20258,matthew murphy
1613,1248,jason nickey
1614,1249,richard m. juzwiak
1615,7659,william morris
1616,15281,joe colly
1617,18076,larry fitzmaurice
1618,16185,brian howe
1619,14267,aaron leitko
1620,4844,julianne escobedo shepherd
1621,3361,john motley
1622,9102,matthew murphy
1623,11089,philip sherburne
1624,19814,stuart berman
1625,19515,jayson greene
1626,19633,jeremy d. larson
1627,20121,stuart berman
1628,22011,stephen m. deusner
1629,12274,stephen m. deusner
1630,2743,cory d. byrom
1631,4843,rob mitchum
1632,6209,scott plagenhoef
1633,16158,ian cohen
1634,18459,andy o'connor
1635,19496,jason heller
1636,15693,paul thompson
1637,14152,stephen m. deusner
1638,14005,zach kelly
1639,13357,brian howe
1640,15506,brian howe
1641,10763,jess harvell
1642,804,hefner macauley
1643,3149,amanda petrusich
1644,21683,laura snapes
1645,5908,matthew murphy
1646,17486,paul thompson
1647,20330,grayson haver currin
1648,11433,marc hogan
1649,11091,brian howe
1650,9416,brandon stosuy
1651,8826,matt lemay
1652,16662,grayson currin
1653,22442,ben scheim
1654,21030,jakob dorof
1655,1305,dan lett
1656,20941,jia tolentino
1657,18612,eric harvey
1658,21949,erin macleod
1659,21838,ian cohen
1660,9899,joshua klein
1661,14860,aaron leitko
1662,20352,grayson haver currin
1663,4642,mark pytlik
1664,12218,joshua klein
1665,11623,matthew murphy
1666,16479,rachael maddux
1667,9502,mark pytlik
1668,19919,marc masters
1669,19344,larry fitzmaurice
1670,1829,jason crock
1671,13070,joshua klein
1672,12875,rebecca raber
1673,2528,william bowers
1674,14746,marc hogan
1675,19660,jason heller
1676,4671,mark richard-san
1677,11942,ian cohen
1678,19333,douglas wolk
1679,2214,andrew bryant
1680,5321,ryan dombal
1681,12796,mike powell
1682,13327,cosmo lee
1683,12845,mark pytlik
1684,20211,grayson haver currin
1685,14318,larry fitzmaurice
1686,9275,john motley
1687,20174,brandon stosuy
1688,5622,nick sylvester
1689,4127,amanda petrusich
1690,22272,seth colter walls
1691,17816,jayson greene
1692,19384,stephen m. deusner
1693,12906,amy granzin
1694,5693,rob mitchum
1695,21842,maura johnston
1696,11366,stephen m. deusner
1697,19119,evan minsker
1698,9958,stephen m. deusner
1699,7722,hartley goldstein
1700,21891,cameron cook
1701,10005,marc hogan
1702,18386,ryan dombal
1703,19326,stuart berman
1704,20087,meaghan garvey
1705,14121,paul thompson
1706,16150,grayson currin
1707,16649,stephen m. deusner
1708,17135,steven hyden
1709,13467,paul thompson
1710,6378,eric carr
1711,20798,tess duncan
1712,10310,grayson currin
1713,15139,marc masters
1714,18659,evan minsker
1715,1348,beatty & garrett
1716,21465,jes skolnik
1717,798,daphne carr
1718,19657,jason heller
1719,22339,marc masters
1720,9317,marc hogan
1721,18302,nate patrin
1722,5774,jason nickey
1723,16749,ian cohen
1724,21462,ian cohen
1725,10187,d. shawn bosler
1726,19990,ian cohen
1727,4729,jason nickey
1728,335,jason nickey
1729,15340,ian cohen
1730,17632,stuart berman
1731,4591,brian howe
1732,2591,jason crock
1733,13226,matthew murphy
1734,11325,stephen m. deusner
1735,18941,jenn pelly
1736,20606,stuart berman
1737,9138,tim finney
1738,20134,abby garnett
1739,17048,ian cohen
1740,962,jason nickey
1741,11950,stephen m. deusner
1742,9520,stephen m. deusner
1743,9948,marc masters
1744,3864,sam ubl
1745,3863,isaiah violante
1746,11254,jason crock
1747,17880,marc hogan
1748,21054,grayson haver currin
1749,20651,grayson haver currin
1750,12081,philip sherburne
1751,11594,adam moerder
1752,7776,johnny loftus
1753,22027,zoe camp
1754,8785,brian howe
1755,12612,ryan dombal
1756,12788,tim finney
1757,18092,kim kelly
1758,20940,evan minsker
1759,17570,ian cohen
1760,19505,stephen deusner
1761,9727,joe tangari
1762,4769,eric carr
1763,12625,brian howe
1764,21260,ian cohen
1765,6729,chris dahlen
1766,17946,ian cohen
1767,8589,matthew murphy
1768,7199,jason nickey
1769,20866,brandon stosuy
1770,7438,christopher dare
1771,13615,amanda petrusich
1772,19607,zoe camp
1773,16319,grayson currin
1774,7111,joe tangari
1775,14690,david bevan
1776,259,rob mitchum
1777,21633,brandon stosuy
1778,16865,jordan sargent
1779,14169,marc masters
1780,21876,daniel martin-mccormick
1781,22492,sam sodomsky
1782,19246,nick neyland
1783,19834,mark richardson
1784,19269,grayson haver currin
1785,16624,larry fitzmaurice
1786,12215,andrew gaerig
1787,12461,ian cohen
1788,14373,zach kelly
1789,2534,william bowers
1790,100,christopher f. schiel
1791,15022,paul thompson
1792,13293,paul thompson
1793,12637,paul thompson
1794,14617,andy battaglia
1795,17170,stuart berman
1796,9486,david raposa
1797,9417,joe tangari
1798,4827,david m. pecoraro
1799,20208,paul thompson
1800,11672,stephen m. deusner
1801,17780,jayson greene
1802,11439,chris dahlen
1803,3930,eric carr
1804,13360,stuart berman
1805,17581,ian cohen
1806,10311,jess harvell
1807,17683,laura snapes
1808,19773,aaron leitko
1809,5425,christopher dare
1810,19650,jason heller
1811,12667,mia clarke
1812,17596,ian cohen
1813,17252,steven hyden
1814,20314,jeremy d. larson
1815,7161,nathan rooney
1816,11582,mark richardson
1817,22360,laura snapes
1818,19545,aaron leitko
1819,9759,julianne escobedo shepherd
1820,21717,stuart berman
1821,8197,chris dahlen
1822,4524,ryan schreiber
1823,20834,grayson haver currin
1824,5263,casey rea
1825,17616,lindsay zoladz
1826,4972,nick sylvester
1827,17891,corban goble
1828,22000,israel daramola
1829,1771,brian howe
1830,20127,andy o'connor
1831,13046,paul thompson
1832,21171,saby reyes-kulkarni
1833,20413,meaghan garvey
1834,10316,d. shawn bosler
1835,571,malcolm seymour iii
1836,13994,zach kelly
1837,21789,sheldon pearce
1838,5450,rob mitchum
1839,5903,brian howe
1840,21871,matthew schnipper
1841,3749,d. erik kempke
1842,11156,cosmo lee
1843,20962,zoe camp
1844,16971,ruth saxelby
1845,17461,brian howe
1846,15570,eric grandy
1847,14694,aaron leitko
1848,16452,marc hogan
1849,8105,jess harvell
1850,3297,johnny loftus
1851,16068,brandon stosuy
1852,20837,pat healy
1853,15147,mark richardson
1854,21808,john s.w. macdonald
1855,21434,evan minsker
1856,19590,philip sherburne
1857,7080,rob mitchum
1858,12286,amy granzin
1859,8373,spencer owen
1860,15811,mark richardson
1861,15363,larry fitzmaurice
1862,12714,amy granzin
1863,15222,stephen m. deusner
1864,13150,joe tangari
1865,16295,ian cohen
1866,13196,brian howe
1867,16211,lindsay zoladz
1868,1024,matt lemay
1869,21475,brad nelson
1870,21664,rebecca haithcoat
1871,16183,matthew perpetua
1872,12351,eric harvey
1873,6705,brad haywood
1874,18283,stephen m. deusner
1875,21415,stuart berman
1876,15068,marc hogan
1877,8117,brent dicrescenzo
1878,8104,brent dicrescenzo
1879,11747,dominique leone
1880,20398,mike powell
1881,20731,grayson haver currin
1882,15897,brian howe
1883,18586,ian cohen
1884,2493,mark richard-san
1885,9766,zach baron
1886,20656,eric torres
1887,10709,stephen m. deusner
1888,4338,nick sylvester
1889,15381,marc masters
1890,6203,nitsuh abebe
1891,20648,stephen m. deusner
1892,3489,brent s. sirota
1893,13575,cosmo lee
1894,22512,claire lobenfeld
1895,18296,zach kelly
1896,18139,stuart berman
1897,19322,lindsay zoladz
1898,2979,david raposa
1899,15144,stephen m. deusner
1900,9644,rob mitchum
1901,4847,jason crock
1902,11501,marc hogan
1903,15482,larry fitzmaurice
1904,20783,craig jenkins
1905,14822,douglas wolk
1906,17497,jeff weiss
1907,15301,zach kelly
1908,21769,t. cole rachel
1909,14563,larry fitzmaurice
1910,17578,ian cohen
1911,12092,amy granzin
1912,13983,rebecca raber
1913,9255,zach baron
1914,11083,joshua klein
1915,19337,jordan sargent
1916,22033,jason heller
1917,2226,rob mitchum
1918,12358,nate patrin
1919,3602,stephen m. deusner
1920,22634,katherine st. asaph
1921,1000,brian howe
1922,5579,rollie pemberton & nick sylvester
1923,18380,craig jenkins
1924,5311,cory d. byrom
1925,9768,joe tangari
1926,19617,zoe camp
1927,2524,scott plagenhoef
1928,11891,mark pytlik
1929,21549,kathy iandoli
1930,13556,grayson currin
1931,19591,kim kelly
1932,9641,marc hogan
1933,15085,mark pytlik
1934,20074,marc masters
1935,9521,jessica suarez
1936,7486,brent dicrescenzo
1937,11939,aaron leitko
1938,21913,kris ex
1939,17663,zach kelly
1940,2903,stephen m. deusner
1941,7441,chris dahlen
1942,21024,jes skolnik
1943,20202,sasha geffen
1944,20661,meaghan garvey
1945,19416,stephen m. deusner
1946,21710,cameron cook
1947,21502,jia tolentino
1948,5754,brent s. sirota
1949,20551,sasha geffen
1950,8235,william bowers
1951,20711,ian cohen
1952,1071,andy beta
1953,18098,paul thompson
1954,19441,paul thompson
1955,16917,andrew gaerig
1956,7941,brent s. sirota
1957,20006,stephen m. deusner
1958,5671,nitsuh abebe
1959,20213,sasha geffen
1960,19278,jordan sargent
1961,18695,stephen m. deusner
1962,8193,william bowers
1963,15417,eric grandy
1964,21819,jenn pelly
1965,18717,paul thompson
1966,2945,eric carr
1967,12837,matthew murphy
1968,14224,rob mitchum
1969,16709,lindsay zoladz
1970,1508,mark richardson
1971,8695,andy beta
1972,18837,andy beta
1973,10358,mark richardson
1974,5386,brent dicrescenzo
1975,5383,brent dicrescenzo
1976,5387,matt lemay
1977,12672,rebecca raber
1978,10084,eric harvey
1979,20424,sheldon pearce
1980,16777,andrew ryce
1981,22443,winston cook-wilson
1982,8694,dominique leone
1983,18977,stuart berman
1984,19595,stuart berman
1985,4589,sam ubl
1986,3931,judson picco
1987,3932,brian howe
1988,21573,andy beta
1989,1161,peter macia
1990,22361,matthew strauss
1991,12897,douglas wolk
1992,13920,jess harvell
1993,22163,jazz monroe
1994,14269,david bevan
1995,14545,paul thompson
1996,8253,sean fennessey
1997,19379,marc masters
1998,2260,andrew bryant
1999,4019,stephen m. deusner
2000,9922,rob mitchum
2001,12602,mark pytlik
2002,12056,adam moerder
2003,3599,rob mitchum
2004,12204,ian cohen
2005,22582,vanessa okoth-obbo
2006,10761,eric harvey
2007,1334,matthew wellins
2008,17944,paul thompson
2009,6356,sam ubl
2010,16131,paul thompson
2011,7962,paul cooper
2012,2239,chris dahlen
2013,10890,amanda petrusich
2014,16348,amanda petrusich
2015,2241,eric carr
2016,2243,stephen m. deusner
2017,13002,joe tangari
2018,18651,jayson greene
2019,21135,zoe camp
2020,8449,jason nickey
2021,310,jason crock
2022,9442,stuart berman
2023,4084,jason nickey
2024,15808,joshua love
2025,21246,amanda petrusich
2026,18201,jillian mapes
2027,17221,lindsay zoladz
2028,19635,jake cleland
2029,16120,ian cohen
2030,4354,matthew murphy
2031,11887,nitsuh abebe
2032,8604,matt lemay
2033,14993,paul thompson
2034,12971,matthew murphy
2035,7845,adam moerder
2036,7157,william bowers
2037,4249,eric carr
2038,20062,david turner
2039,560,andrew bryant
2040,6709,brent dicrescenzo
2041,7180,andrew bryant
2042,8999,mia lily clarke
2043,14430,stephen m. deusner
2044,22001,pat healy
2045,15544,grayson currin
2046,3208,chris dahlen
2047,19264,brian howe
2048,2764,andrew bryant
2049,15158,brian howe
2050,13927,brian howe
2051,2765,mark richardson
2052,14050,nate patrin
2053,13159,paul thompson
2054,9357,brian howe
2055,6575,brian howe
2056,5596,sam ubl
2057,6073,camilo arturo leslie
2058,19135,ian cohen
2059,18597,patrick st. michel
2060,21535,seth colter walls
2061,19638,jayson greene
2062,16335,larry fitzmaurice
2063,14459,chris dahlen
2064,14516,ian cohen
2065,14010,rob mitchum
2066,20012,colin joyce
2067,15813,ryan dombal
2068,16638,aaron leitko
2069,6072,rob mitchum
2070,15230,ryan dombal
2071,5767,joe tangari
2072,7539,stephen m. deusner
2073,5769,david raposa
2074,562,cameron macdonald
2075,13184,joshua love
2076,14188,nate patrin
