Label,label_id
Epic,21
Paper Bag,1743
Merge,106
Barsuk,513
Sony,83
C/Z Records,5447
Epic Records / Immortal Records,8486
Curb,15287
CBS,3424
Skam,10837
Jive,785
Koch,1199
Columbia,103
BMG / Arista,10750
Arista,502
RCA,181
Portrait,6644
550 Music,2939
Rockville,5440
Domino,2
American,3625
Kill Rock Stars,33
Relapse,301
Matador,85
Sub Pop,40
Fat Cat Records,200
Philips,90
VHF,11815
Planet Mu,1821
Ruffhouse / Columbia / SME Records,5427
Vanguard,1472
L.M. Dupli-cation,21911
Young God Records,1504
Acony,1007
Asian Man,2705
Narnack Records,30848
"Sony Soho Square, Epic",10354
MUSICBLITZ Records,31036
Dago,5037
RCA / Latent,4396
Darla,1236
Grimsey Records,9083
"Star Trak, Arista",7395
Beggars Banquet Records,3650
Plug Research,2193
Paradox,21437
Roadrunner,606
"EMI, Columbia",3535
PeMa,29947
Columbia Records,3
Ruffhouse,14684
Drag City,75
Kranky,44
New West,233
Jive Records,8251
Granary Music / Yep Roc Records,30021
Epic Records,6563
Hydra Head Records,611
Deconstruction Records,9087
Velocette,11034
Sony UK,18900
"Rilo, Barsuk",11626
dBpm,1989
5 Rue Christine,1093
Ajax,11756
Absolutely Kosher,260
Aware / Columbia,30705
Dim Mak,2008
Mo' Wax,2615
Tiger Style,9706
Arista Records,5547
Relativity Records,8366
Saddle Creek,50
Merge Records,6
LaFace / Arista,2157
Hieroglyphics Imperium,9126
RJ's Electrical Connections,6482
Last Gang,1245
550,2940
Fire,2518
"Columbia, SME",3177
"Asylum, Atlantic",25962
Spitfire,5126
Barak Records,5734
E1,11330
BPitch Control,5096
Nettwerk,1636
Morr Music,1273
"Back Yard Recordings, Kill Rock Stars",2631
Young God,389
Captured Tracks,1348
Beggars Banquet,214
Xemu,6964
"Harvest, Columbia",3539
Napalm,3495
Restless / Enigma,6796
Alias,3641
Restless,2033
Fat Wreck Chords,1374
In The Red,184
2062,12245
Robotic Empire,6376
V2,410
Nuclear Blast,3653
Now-Again,19551
Dovecote,1280
"JDub, Epic",9089
SYR,20088
Ace Fu,355
Loud/Columbia/SME Records,1218
Stones Throw Records,11509
Lo Recordings,23273
Astralwerks,57
RCA Victor,4308
Virgin EMI,7165
Kuckuck,20265
PIAS,4181
Recital,5732
Emperor Jones,3045
Thrill Jockey,86
Temporary Whatever,15317
Stones Throw,336
J-Records,1022
Razor Sharp Records,4510
Hansa,10321
Metal Blade Records,5485
Seeland,13019
SST,3760
Spitfire Records,5125
LaFace,3693
Global Symphonic,1301
Touch & Go,798
Chapter One Entertainment,19380
Entertainment One,2545
Rough Trade,71
Projekt,17424
4AD,36
Aurora,4820
"Ill Will, Columbia",4961
Coyote,13142
Touch and Go,3082
YELLOWELECTRIC,25091
Ashmont,1377
Roc-a-Fella,4781
Flameshovel,6528
Polyvinyl,312
BMG International,16631
Sony BMG,118
Alternative Tentacles,3683
Sonig Records,15419
Yep Roc / Simian,476
M3 Macmil Music,11571
BMG,4262
Morr,3658
In the Red,1308
SuperEgo,2956
Animal World,1300
Neurot,3680
Backwoodz Studioz,3365
Slumberland Records,11
"Cicero Recordings, Ltd.",5035
Thirsty Ear,5891
"Tinker, Scratch",7663
OM,20416
Ghostly International,1475
Thirty Tigers,1
Magic Bullet Records,7147
Deltasonic,1603
Duck Down,3130
Cult / French Kiss,29982
"Interscope, XL",294
The Militia Group,7648
"We The Best, Epic",25313
Blood,17247
E1 Music,11337
ABB,11311
Warner Music,5160
"Merge, Track & Field",12043
Shitkatapult Strike,3929
Krian,4670
Yep Roc,876
Red Ink,125
"Merge, Bud Fox, Haldern Pop, Dew Process",5047
Barsuk Records,10429
"Arista, Mushroom",6011
Twisted Records,17760
A-Zap,6450
Creation Records,5253
Lidkercow Ltd,1360
Tonequake Records / Burnside Records,9999
Gravitation,604
Highwheel,6090
Slumberland,482
ATO / Rough Trade,12192
Holy Mountain,6241
Lewis,375
Dark Descent,8337
Bomp!,2053
The End,1517
"Funk Volume, Empire Distribution",7027
Warner Bros.,138
Northern Spy,4058
Tiny Engines,7888
"T-Neck, Epic",14790
Luaka Bop,327
Relapse Records,1225
Duckdown,1831
Anodyne,31066
Blackground/Jive/BMG Records,12249
Atlantic,354
Sony Records,8365
eOne Music,8245
Fat Possum,4
"Jive, 20-20",10136
Topshelf,6225
Lo,10698
ATO Records,621
"Three Gut Records, 3 Syllables Records",11797
Trouble in Mind,2269
Paper Bag Records,914
Sensibility,25776
Strange Famous,8804
Shrimper,1741
Young Baby Records,9355
A,1147
Metal Blade,2325
"Barsuk, My Dad",30760
"Interscope, Headhunter, Swami",9609
Strange Music,1955
Machine Entertainment Group,21353
Sinderlyn,11038
Tankcrimes,8174
Immortal / Epic Records,3617
Sick Wid It,7498
Communion,3963
Relentless,7424
Cooking Vinyl,1505
Kscope,152
Windfall,22114
Gee Street/V2/BMG Records,8703
Don Giovanni,1590
Anticon,677
Caldo Verde,1282
Revelations Records,19284
Reprise,17
Mayhem,5124
Sunday Best / Strange Famous,6930
Immortal / Epic,3616
Badman,3815
Artemis Records,8246
Asylum,3982
Arista/La Face,456
Ribbon,1995
Foreign Exchange Music,6399
PRhyme,11438
Sony Music,9057
Metal Blade / earMUSIC,9573
LKC,21632
Hush Records,566
Double Double Whammy,7911
Century Media,2801
Dualtone,7088
Nard Wuar,20164
One Little Indian,1612
ATO,31
Pasha,18840
Suicide Squeeze,1229
J,4935
My Dad / Barsuk,30059
Bendo,21095
Young Black Brotha,25765
Capricorn,4672
Virgin,459
"Ferret, Roadrunner",4724
Six Degrees,2340
Triple Crown,3326
Western Vinyl,25
Kompakt,288
Mojo,19277
"Death Row, Interscope, Priority",3263
Type,484
12k,11277
Gulcher Records,1261
Asthmatic Kitty,357
Cavity Search,4991
Trouble In Mind,3832
Joyful Noise,2566
Nine Yards Records,11447
Bpitch Control,32
JCOR,15534
TBD Records,6514
Redeye,1892
"Upside, Rough Trade",6698
Ruth St. Records,29160
BMG Music Spain,22650
Hypnotize Minds / Select-O-Hits,6013
E1 Music / Housecore / Century Media,5127
Relativity,3075
Fat Cat,531
Sacred Bones,1988
Carrot Top,944
Capitol,141
"ATO, Ark",9977
Eternal Yip Eye Music,7985
Smalltown Supersound,658
Tough Love / Slumberland,3514
Wreckshop,16725
V2 Records,3648
Jamla/Duck Down Records,6838
Woodsist,811
Volt,4799
Killer Pimp,418
ATP,158
Clear Label,7995
Audio Eagle,32154
SONY BMG MUSIC ENTERTAINMENT,22981
Sprint,14891
Ruff House,12631
Merge / City Slang,2294
Undertow Music,32179
GTO,17372
Totally Gross National Product,2458
Feel Good All Over,11221
Beats In Space,21875
Allegiance Records,7364
Artemis,13433
"8ft. Records, 11 Records",15837
Frenchkiss,105
Triple Crown Audio/Endearing,3258
Revive Records,6150
"Arista Nashville, 19",7274
75 Ark,5578
Goner,1645
Rostrum,5066
Taang! Records,17076
Ingrooves,29311
Carpark,23
Poor Boy Records,30038
Mello Music Group,3334
twosyllable,13954
Warner,4214
Act Music + Vision,9760
Web of Mimicry,22119
"Epic, Syco",11594
Supply and Demand,3038
Under One Flag,13379
Upbeat,1675
Columbia â€Ž,23473
Righteous Babe,363
"Matador, Merge Records, Flying Nun Records",32085
Fake Four,2451
Quality Hill,1716
Good Mountain,11816
Javotti / 3D,1722
Megaphonic,5204
"Doggystyle, EMPIRE",20155
Warner Bros,313
"Island/UMG, Yep Roc Records",577
Straight Records,21220
Innovative Leisure,2309
Yep Rock,1266
Damaged Goods,31560
Columbia / Sony Music Distribution,8070
Slumberland / Tough Love,3399
Nihjgt Feelings,5350
DSFA Records,8888
Capitol Records,9
"Guided By Voices, Inc.",21884
Tompkins Square,915
1 Deep Entertainment,21751
"JYP Entertainment, Republic",28312
Cherry Red,2238
Contender,23137
2nd Story Sound,2574
Zoo Entertainment,3384
Bad,5381
RuCo Inc.,15289
Eleven Seven,7721
Mad Decent,2689
P.W. Elverum & Sun,183
"QN5, L.A. Underground",8454
Keeled Scales,22517
Magna Carta,24396
Legacy,8972
RCA Records,19
So So Def,15130
"Candlelight, Profound Lore",7872
Different,2786
Translation Loss Records,5910
La Face,428
No Sleep,3444
Heavenly,437
Straight,4105
Sargent House,1185
Profound Lore,1976
Hollywood / Good,7009
Pompeii,1941
Raven Marching Band,990
Ralph Records,15475
Colombia,9189
"Jive, Zomba",4060
Sun Ark,24201
Beyond Records,30438
Swell Records,9954
Elektra,1616
Secretly Canadian,13
Peaceville Records,5451
Columbia/Red Ink,2680
Armageddon,4455
"Lights Music, Last Gang",7482
LO-MAX Records EMI,11806
Nomark,25145
Ghostly,1464
Entertainment One Music,2239
Big Scary Monsters Records,11849
Slumberland / Memphis Industries,2450
Peacefrog Records,21675
Asian Man Records,4065
Warm Records,1328
We the Best,6596
Ye Olde,29441
Odd Future,2219
Barsuk/Elsinor,1859
Matinee,22047
Brick,3980
Carpark Records,1412
Matador / Domino,4914
TBD,1467
Taang!,16861
Nonesuch,237
Delmore Recordings,30540
Great Crap Factory,29786
Castle Face,808
"RCA, Kemosabe",20738
Light Organ Records,5604
Almo Sounds,5163
Durtro,9384
Modern Records,10771
Hyperdub,289
Mummy / Stones Throw,4931
GBV,29510
Strange Famous Rec,16729
Death Row / Interscope / Atlantic,3936
All City/Koch,12696
Crosstown Rebels,30689
Epic / Immortal,3621
To Whom It May Concern/Co-operative Music,2704
Pocket Kid Records,13524
Scotti Bros. Records,25604
Central Control,3014
"Dirty Science, Fat Beats",15174
Infinity Cat,5896
Solid State,3492
To Whom It May Concern,5078
Light in the Attic,3142
Jester Records / Kscope Music,7322
Aftermath,814
Open Bar,4953
Autumn Tone,6977
Shake It,13349
Just Music,15480
Arista Nashville,951
Bathetic,2933
Ba Da Bing,1628
Westbound,4288
Moribund,17884
Eighteenth Street Lounge Music,3802
"Atlantic, Roadrunner",5476
Fat Beats,1650
No Sleep Records,8077
"Fueled By Ramen, Atlantic",20098
Profound Lore Records,6369
SST Records,270
"Arista, Cheeky",4736
10p Records,4012
Babygrande,5467
Bella Union,339
Hi Fi,30405
E1 Records / Ne'Astra Music Group,5733
GBV Inc,5419
Arts & Crafts,371
Self-Released,461
"Cheeky, Arista",4735
Bauhaus Music / Cooking Vinyl,8372
In the Red Records,92
Neurot Recordings,3189
Badman Recording Co.,30917
Enterteinment One Music,9758
Play It Again Sam,950
Relativity / Epic,18754
LM Dupli-Cation,7096
Holidays for Quince,29684
Garrett,12189
Andmoresound,10332
"Anticon, Alien Transistor",7886
Just Sunshine Records,16928
One Records,2667
Young Turks,2665
Widespread,31440
Work Song,7653
Mahogani,7939
Ye Olde Records,30695
Free People,3054
Runt,2875
"Rough Trade, RCA",453
Felte,3854
Chimera Music,896
Music For Nations / Relativity,5455
Saint Marie,3999
Dirty Version,5833
Gawk,22428
Rainwater,4609
Honor B4 Money,31055
RBC,10160
Nature Sounds,131
Columbia / Aware,809
Iron Works,5782
SVART,7075
Magazine,29493
Computer Ugly / Fat Beats,6533
Georgiana,30014
Anti,108
Last Kings,13826
Legacy Recordings,7177
"EMI, Parlophone",6617
Luaka Bop / V2,11259
Signature Sounds,1060
Deathwish,5013
CMNTY CULTURE,28497
"LaFace, Jive",5149
Topshelf / Bridge 9,12365
Peek-A-Boo,5660
Rhymes of an Hour,5730
No Quarter,2347
American Laundromat,11546
"Island, ZoÃ«",30593
Yep Roc Records,26493
Spinning Top,15219
Modern Outsider,5426
The Mezzotint Label,5387
The Spheres,8087
Universal Music Canada,11498
37d03d,26625
HLR,29530
Epic / Interscope,6912
Cascine,3148
"Fly Eye, Columbia, Startime",3795
Rotten,15073
Paradise Bachelors,29993
Tbd Records,29172
Hammock Music,3481
"Lil Lou, Warner",25490
TEN/Kemosabe,8160
Armed,30592
TDE,7726
We Were Never Being Boring,12804
Almost Gold,1131
"Death Row, Interscope",3903
"Sparro, Inc.",27831
ESL,8013
Drunken Fish,4814
Ostgut,66
"Deconstruction, Mushroom, Arista",7896
Glitterhouse,6070
Deep Elm,11413
Loud Records,5571
Heavenly Records,13100
Jagjaguwar,5
Idaho Music,22860
Embassy Productions,12887
Driftless,6931
UNited Daries,4440
Javotti Media,7255
Names / ATO,3900
"Sonic Cathedral, Slumberland",29926
Rabble Rouser,12066
Captured Tracks/Bella Union,4593
Constellation Records,6610
Loud/RCA,25345
Catsup Plate,203
Misra Records,211
ABB Records,6762
Constellation,828
"Merge, Domino",2619
Smells Like,2874
"Lindseystomp, Decca, Universal",8494
Combat,4406
Indianola Records,7116
EMI / Columbia,3544
Sumerian,3418
Tonequake,9998
"eOne, LilyDog",13723
"The Phantom Entertainment LLC, EMPIRE",27193
"Avex, Thrill Jockey",9824
Artemisia,8765
Lobster Records,9745
E1 Music / Roadrunner Records,30206
300,13993
Endless Flight,31460
No Rest Until Ruin,13831
RVNG Intl.,2423
"Proper, Scarlet Letter",11580
Ace Fu Records,15646
Banjodad,9131
ATO / Prawn Song,9254
Boner,4650
Mom + Pop,1267
RVNG INTL,28062
"Columbia, Mad Decent",10920
Infinite Best,1653
Bludgeon Riffola,14946
Loud/RCA/BMG,1219
Daft Life Limited,4196
Caroline International,22040
Warner Bros. / Machine Shop,8362
Death Row / Interscope,3937
"Fire, GBV Inc.",7817
Guided by Voices Inc.,2344
Tokoloshe,8966
"ESGN, EMPIRE",15188
CBS / Columbia,13647
"Davido Worldwide, Sony, RCA",27246
"Helium 3, Atco",1933
Peaceville,2943
Third Worlds,6894
IGC / iHipHop,12053
Revox,11856
Goofin',20745
Up,2852
LAUREN RECORDS,27007
Ode / A&M,18945
The Null Corporation,521
AKAI Music,13030
RCA Nashville,4737
Rise,5353
Jive Records / BMG,8253
Partisan,1354
Atco,508
XL,132
Family Productions/Columbia,9588
Signature Sound,32057
Birdman Records,4642
Zomba,11033
Arbutus,1652
Sussex,5626
Dirty Hit,7891
Ostgut Ton,11515
"Merge, Dead Oceans",13427
J Records,12655
"Earstorm, Big Beat",6958
Hypnotized Minds,14529
Gypsy Boy,31117
Atco / Albert / EMI,5284
Elektra Records,274
Windham Hill,24583
Membran,14964
Island,22
Private Music,15940
Pole,31528
Italians Do It Better,2517
Steel Wool,15668
Third Man,100
Alive Naturalsound,8937
High Beam,15332
Dine Alone,5504
"Columbia, RCA",15154
Ribbon Music,2377
Jazz Rock,19090
Cotillion,3885
Scat Records,8527
HUB,12911
Serjical Strike,24048
Mass Appeal,9972
Righteous Babe Records,30651
Ba Da Bing!,918
AGAINST GIANTS,24910
"Music for Nations, Kosh",24531
Prosthetic,1749
Scatt,2614
Tommy Boy,4767
EastWest / Albert / Epic,5285
International Anthem,17370
Albert,3787
Albert Productions,5274
ATCO,5276
eOne / Good Fight Music,10404
"Jive, BMG",3267
East West,4757
KScope,14851
earMUSIC,18161
Gilla House,15194
"Cleveland International, Epic",10275
Asphodel Records,17792
Rough Trade / Sire,3808
Escapi Music,5260
"Volt, Atco",4801
Internal Affairs,15784
Kirtland,1599
Red Bull,5473
"Mom+Pop, Marathon Artists, Milk!",22378
Mule Musiq,8855
The Flenser,8028
Tri Angle,2099
J & R Adventures,30468
"Demigodz, Dirty Version",9098
Bayonet,12830
Woodist,15741
"V2 Records, Yep Roc Records",569
"Blood Money, eOne",8946
Ruthless,4369
Dark Descent Records,10913
Mad Science,165
Innervisions,11203
V2 / XL,340
POW,15974
Normative,12279
XL Recordings,69
Loud / RCA / BMG,6780
Tolotta Records,8520
"Frenchkiss, Columbia",6172
RCA / Hydra Head Records,7119
Cantora,1640
Vendlus Records,7437
"Young God, Mute",16657
Failure,12880
Dolly Records,8688
Fortuna,1632
Open Wide; Columbia Nashvile,8797
Water Music,12352
Neue Meister,15757
Universal,55
E1 Entertainment,15628
Underwater Peoples,1877
Eastern Conference,6493
Rat Pak,31666
Psycho+Logical-Records,18042
Chesky,31842
ZoÃ«,30392
Father/Daughter,11724
French Kiss / Pendu Sound,5603
Big Dada,5365
Luke Records,8273
Sub Pop / City Slang,7194
Ipecac,52
Self-released,254
"Mood Muzik, EMPIRE",18224
Revelation / Epic,4878
Black River,14614
"PIAS, Heavenly",16915
Memphis Industries / Kill Rock Stars,30153
Absolutely Kosher Records,22780
Volcano Entertainment,3386
Break World,12408
Hardly Art,1828
Planet Mu Records,11375
"Slaughter Gang, Epic",20685
Empire Distribution,8626
Capitol / EMI,255
"Parlophone, Capitol",253
Glass Air Records,7799
J / Allido,11335
Pendu Sound,14352
Star Trak,325
Terror Squad,6594
Silver Bow,20793
Rhymesayers,888
"BEP, Epic",28580
"YG, KT",8146
311,8045
Black Market Activities,3417
eOne / Nuclear Blast,9345
FOLLOWSPOT,15491
20 Buck Spin,13527
Single Lock,7941
Warner bros,8127
Sony Music Entertainment US Latin LLC,25917
Last Gang Records,74
Hometapes,794
RabbleRouser,32015
Rinse,1727
Jam Down Records,24570
Dead Oceans,12
YG,10293
Nelstar,18747
"Saint, Columbia",18351
Songs of the South,32020
Music For Nations / Metal Blade,5453
Axis,4849
Cooking Vinyl Records,10693
ISO / Columbia,3558
Epic Records / CBS Records,9654
Jet Records,9657
Blood Music,14245
BMG U.S. Latin,9859
Night Bloom,20452
Paradise of Bachelors,4256
"True North, A&M",22246
Orindal,9240
Vroom Vroom,16206
"Think It's a Game, Lucci",20024
Atlantic Records,4562
Mello,12618
Deaf Records,10740
Thrill Jockey Records,30500
"300, Quality Control",19066
Manimal Vinyl,3686
InsideOutMusic,17882
East Side Digital,18185
Fueled By Ramen,879
Mama Bird,22145
GNDWire,19343
Mayer Music,9549
Parlophone,590
Blue Corn,31987
Rykodisc,7526
Original Signal,1156
Southern Lord,117
"Phonogenic, Sony UK",20881
"Blanco y Negro, Def American Recordings",3477
Blanco y Negro,3478
Polydor,877
Shanachie,11906
Amorphous,17234
Mute,147
Shaytan,20972
Paradise Of Bachelors,19519
Doomtree,1625
Loveâ€™s Way,17431
Matador Records,20
#Merky,19415
"Sub Pop, Flemish Eye",9711
"Musex, BMI",19146
Undertow,18940
File Under: Music,30884
Will,4501
Mack Avenue,8458
Carrot Top Records,11565
Wishart Group,19910
BMD Fox Records,8098
"GBV, Inc.",19341
Zero Hour,5778
Alive Records,8992
Strange,12982
"Royal Mountain, Sub Pop",20796
Brain Records / Portrait Records,8848
Merge / Rough Trade,386
Yep Roc/Simian/Elephant 6,1037
"H20, Empire",19444
RCA Records / Portrait Records,8846
Fool's Gold,2142
East West / Koch,11883
Deep,17677
Numero Uno,20975
Fueled by Ramen,2960
Zoo Music,1775
Enigma,2993
DÃ©cor,8471
Smiley Miley Inc.,14669
Honeycomb Hideout,32025
Rocket #9 Records,8525
Halo Records,8523
Black Butter,20277
Sony Latin,20431
"Clockwork, Full Mettle",20256
Grand Jury,9007
Chimera,3012
Five Seven,9295
EMPIRE,20248
Procrastinate! Music Traitors,17623
Temporary Residence,303
Hopeless,3240
"Innovative Leisure, Timetable",20581
Morning Records,7100
Guided By Voices,29354
SideOneDummy,1978
WEA International,20504
Text,6464
"Bad Vibes Forever, EMPIRE",20917
"Thirty Tigers, We Buy Gold",22148
"First Generation Rich, EMPIRE",22198
Roswell/RCA,4556
Eclipse Records / Beautiful Happiness,5786
Wegawam,21373
Prospect Park,3501
Run for Cover,7315
"LaFace, Arista",5650
Get Low,9462
Vulf,15072
Box of Cedar,1822
W.25TH,21155
Oh Boy,14319
Uovooo,18086
Bonsound,12611
"88rising, EMPIRE",21614
Daptone,1462
RidingEasy,13005
"Stretch, Ropeadope",20643
Mille Plateaux,986
Suitcase Town,7368
Stockholm,11427
Gull,15121
Lucky Number,3849
Ernest Jenning Record Co.,27641
"Rabid, Mute",21579
FPE,17156
Bloodshot,443
Jiaolong,21426
eOne,4038
Ode,5106
Guerrilla Funk,6776
Bossier City,21549
"Sunday Best, PIAS",19670
Silver Age,18476
"Last Kings, EMPIRE",22165
Elektra / Mute / Sub Pop,11040
Lionboy,15258
EMI,311
"Aural Apothecary, Columbia",21979
Schoolkids,21873
Equal Vision,112
Okrahoma,7752
Deathwish Inc.,3366
Communicating Vessels,17458
Parlophone/Atlantic,7977
"All We Got, Atlantic",21995
"Syco,Sony BMG,J",9335
"Disruptor, Columbia",15178
"RCA, B-Unique",23294
Latency,22341
"Fat Possum, Bella Union",23292
Wu Music Group / Koch,9307
Koch Records / JVC Records,9305
Artoffacts,21661
Regain Records,7754
Warner Nashville,17044
"Third Man, Columbia",22045
Scarred For Life,23246
Absentee,22700
Just Sunshine,19114
Turnstile,1742
"Columbia, Epic",5790
Rabid,58
Immune,30908
"300 Entertainment, Rich Forever",22820
"Sony, Epic",6468
Twisted Elegance,20043
Beatnik,27285
Psychic Data,23598
"Phantasy Sound, Mute",22134
FAMM,22957
Capricorn Records,13012
Mixpak,8911
Small Stone,15526
Zelig,23316
Umor-Rex,20408
"Vertigo, Warner Bros.",5181
L.A. Club Resource,17838
Sister Polygon,18452
Aimless,25392
"Secretly Canadian, Tri Angle",22546
Reprise Records,98
Artisan Era,25851
"Fat Possum, Mama Bird, Loose",22048
Closed Casket Activities,19579
Forty Below,19530
300 Entertainment,19099
Virgin Records,97
SKiN GRAFT,20372
"Sire, Warner Bros.",4340
Mom+Pop,3022
Gnomonsong,1627
Load,374
Prosthetic Records,6940
Sony Music Australia,12326
"Young Stoner Life, 300",25085
Imago,11817
Beyond Beyond is Beyond,13762
Jet Set,405
Season of Mist,1286
Notenuf,4933
12hunna,11460
"Epic, E1",32132
Burger,11944
FatCat,199
Chess Club,18460
"Atlantic, Virgin",6028
Fire Talk,23116
BigHit Entertainment,25366
"City Slang, Merge",24695
Compass,19059
"Western Vinyl, Bella Union",9757
Wonderlick,19889
Healthy,20577
Afternoon,13730
"HevyDevy, InsideOutMusic",23795
"RCA, 19",23293
Three Lobed,15207
Hydra Head,671
Sony LatÃ­n,25589
Latent,23030
"Crush, Atlantic",18178
CN,17737
3DOT,25084
Warner Bros. UK,23660
"300, Glizzy Gang",25702
Q Prime,3632
"Artistry, Warner Bros",25448
Pepper / Jive Electro,12721
Rad Cult,3020
UNFD,17834
God?,24519
Atlantic Nashville,14795
New Machine,14096
Pure Noise,8968
Joy Void,17887
"SO Recordings, Silva Screen",23584
Clean Slate / Work,2707
Alligator,32159
WeDidIt,23308
Cabin 24,2353
Golden Child,21062
"Blue Chair, Warner Nashville",23560
Mint,11798
"Double Double Whammy, Don Giovanni",11181
Run For Cover,8556
Griselda Records,26128
"REMember, Warner Bros.",23525
Mega Collider,13653
Female Energy,26129
"RCA, Question Everything",25576
"Question Everything, RCA",25719
DFA,1792
Hot,12429
Sony Music Latin,11868
Flying Nun,13226
"Slash, Warner Bros.",14570
Slash,3461
Language of Stone,1426
"Columbia, Warner Bros.",4295
New West Records,212
Interscope,10
Freida Jean,23703
Grouch,26425
Trustkill Records,19563
Sacred Bones / Bella Union,6882
Weathermaker,4172
Warner Bros. Nashville,13002
B-Boy,4472
"Easy Eye Sound, Nonesuch",19942
"Secret Songs, Last Gang",23731
Dualtone Music Group,2650
Samedi,24067
Funk Volume,9171
"Maverick, Reprise",2782
Lonely Astronaut Records,30960
Proper,30315
Pytheas,14648
InsideOut,3494
Tresor,3318
"Epic, Grand Hustle",14633
anticon.,491
Scumgang,24462
"Mozzy, EMPIRE",21064
Warner Russia,24234
Empire,18467
Balley,19497
"What A Music, Parlophone, Big Beat, Atlantic",23842
"Little Tokyo, Sony UK",24065
Beyond Beyond Is Beyond,23786
Winspear,20954
"Young Mary's, Thirty Tigers",23989
PAN,3292
Young God / Mute,11238
Glizzy Gang,24235
anno,23748
Snakepit / Roadrunner,24139
"Big Persona, 88 Classic, RCA",26168
Blue Raft,24676
felte,18664
Columbia/ Red Ink,568
Tender Loving Empire,6373
88rising,23581
Kaw-Liga,16723
"Aftermath, 12 Tone",24189
Suicidal,17487
Rhino,2830
Never Broke Again,23004
"I'm Poppy, Mad Decent",23967
Napalm Records,4860
"Fat Possum, Cult",24018
Golden Chil,26230
"Polyvinyl, Liberation",24466
Volcano,2914
XL / Maverick,3427
"Vamplife, Heatmakerz, EMPIRE",26020
Sumerian Records,7346
Joytime Collective,23347
The Leaf Label,2970
6131,10775
Big Label,26246
Centricity Music,24024
"Bad Dreams, EMPIRE",26200
Get Loud,26565
Whities,16431
Definitive Jux,713
"Tan Cressida, Columbia",24580
"Island, Neon Gold",24541
First Priority Music,12997
"NPG, Arista",6057
"Simco, Epic",26716
Spinefarm,3321
DeSoto Records,21860
Bell Records,13265
Monday,16370
Tiger Style Records,12621
Night & Day,2715
"NPG, Warner Bros.",23272
Abraxan Hymns,14654
Rimas,24764
incienso,26161
Gilead Media,8027
Mascot,16511
Homewood,14531
"NaÃ¯ve, Mute",26330
"Low Country Sound, Elektra",21805
House Arrest,25070
Les Disques Du Crepuscule,24859
Shelter Press,12701
ViciSolum,15064
Native Cat,25554
Easy Star,14362
Fuzze-Flex,26124
Caldo Verde Records,648
Untuned,25928
Oscar Street,24079
"W.25TH, Superior Viaduct",25522
"Roadrunner, 333 Wreckords Crew",24880
Albert / Atlantic,5282
Human Season,26404
Invictus Productions,11731
Swami,7049
Ear Music,26427
God? / Drag City,9332
Shelly,26478
Sub Pop Records,28638
Torn Clean,18044
Atlantic UK,23216
Modern Sky,21306
Deathbomb Arc,17793
Warner Brasil,25449
ESP-Disk,4805
Gilead,20958
"Top Dawg, RCA",19325
Trance Syndicate Records,11069
Orange Milk,16697
Twinight Records,25611
Earth Analog,28640
"ByStorm, RCA",13408
"Mom+Pop, Ninja Tune",25894
M.A. Music / 3D,26710
Decca Records,19249
Purple / EMI / Warner Bros.,8446
Northern Electronics,19235
"Ropeadope, Stretch",25421
Vots,15859
Marbled Arm,26703
Hypnotic Dirge,25664
"Hickman Holler, RCA",25926
Buddha Records,17986
The Label Group,28590
Temporary Residence Ltd.,1720
"Spring Snow, Columbia",24945
Sunday Best Recordings,25836
"OVO Sound, Warner Bros.",9463
Mono Mundo Recordings,32290
"Maybach, Epic",26369
Mascot Records,23674
Bread Winners' Association,26808
RCA International,21142
Monument,15180
Simco,27031
Century Media Records,4007
Geographic,27787
Greenway,22602
Dais,16722
kranky,18014
Martha's Music,10701
Rough Trade Records,79
Mantra,2634
"Leaving, PLANCHA",27643
Silver Lining,21258
True Panther,1523
Holy Roar,8305
"Kranky, 4AD",626
â„— 2019 Speakerbox Recordings Limited under,25002
The Antlers,65
Mezzotint,13021
Not Not Fun,1441
MVD Audio,26933
Beachwood Park,31714
PAN Records,26751
Palilalia,20670
Ropeadope,12332
Babymetal,26239
Roon,27563
I.O.T,25051
"Free Nation, Cinematic",27380
Awful,16340
Top Dawg,2046
Thistlefield,18338
Rap Vacation,26985
TSM Recordings,28924
Red House,15838
Dutch,25135
12th Street,4865
Sire,264
Alamo,23432
Honeymoon,26711
Muddguts,26977
Zirkulo,5312
Warner Brothers,444
Other People / Matador,6209
Silver Lining Music,26970
Konichiwa,1337
14th Floor,872
Keep Cool / RCA,25242
Hit City U.S.A.,6767
Josie,5503
"Elektra, Capitol",9373
Trouble In Mind Records,25533
Musique TOPS,27530
PGM,25004
"Season of Mist, Prosthetic",20817
Tomplicated,27608
"Kitty-Yo, XL",5135
Southeastern,13040
"International Anthem, Nonesuch",27420
Internal/FFRR,11482
852 Musiq,20624
Grand Jury Music,28721
LaFlare Records / EMPIRE,27099
Wax Nine,21467
Radar,4290
"300, Atlantic",22874
"Wax Nine, Carpark",27602
U OK?,28988
New Amsterdam,8419
Syco,2558
Regal Recordings,8025
Secret City,934
Padiddle,27375
Union IV Recordings,25213
Kamera,4394
Kemosabe,10203
Sony Music Entertainment,6436
Griselda,23387
Profound Love,12397
"More Is More, EMPIRE",27648
"Atlantic, Barsuk",620
Sony BMG / Puscifer Entertainment,9808
Motor Music,8241
Domino Recording Co,27653
Montyray,28703
Kitchenware,1018
Platinum East,27699
September,27683
NNA Tapes,7615
"Them Hellas, The Blind Youth, EMPIRE",18453
Kanine Records,1016
Thrift Shop,7970
Compass Records,28694
GOD?,28142
RVNG INTL.,26952
"Freddy Got Magic, EMPIRE",25628
Bloodshot Records,39
Sony Music CG,26720
Upset The Rhythm,13497
Kate Bollinger,28738
Doghouse Records,20273
Las Fuegas,21207
Season Of Mist,16205
Profile,4367
Red Girl Media,28885
"Columbia Records, Sony",28304
Wharf Cat Records,25535
Step-Forward,6811
Record Company Ten/Big Beat,5759
Permanent,6827
Rockathon Records,8526
Zappo,28827
Astral Spirits,28676
Snakefarm Records,26487
Indie Recordings,4363
Big Beat,3121
Leaving,2289
River House,26090
Otsego,26942
"Columbia, Tan Cressida, Odd Future",5676
13th Planet,21582
Warner Bros. Records,9034
Mack Life,18542
London,3662
Lambent Light / Thirty Tigers,28937
Mirror Universe Tapes,11368
Famous Class,11451
Jealous Butcher,27828
"Nice Life, Atlantic",18250
Metropolis Records,4113
Awful Records/RCA,29057
Chainsaw,3914
Glorious Dead,15732
Terrible,1518
House of Mythology,15232
"Akira, The Orchard",24262
Cogumelo Records,5669
Unique Leader,19346
"1501 Certified, 300 Entertainment",27948
"SomeOthaShip Connect, eOne",28842
Heffa,7506
Dog Show,26032
Ruby Yacht,23700
"Atlantic, Poe Boy",4944
Music for Nations,17620
ill gotten,18638
Team Love,1883
Sooper,26337
Luminelle,22976
Solitaire,21576
Giant,6072
Vapor,3714
"Loud, RCA",25650
"Cactus Jack, Atlantic",28016
War Dog,28020
White Sun,19769
Sound Mind Music,28956
Baby Halo,23226
Mint Records,430
"Grunt, RCA",20451
Archer,30742
Gong Records,28533
555-5555,26843
"Highbridge the Label, Atlantic",27738
Tha Alumni Music Group,7433
"Tan Cressida, Warner",28912
Jean Sandwich Records,25989
Big Scary Monsters,21765
Treader,23068
"Brassland, Arts & Crafts",28594
Exploding In Sound,3367
"SHAM, Thirty Tigers",28714
Awesome Tapes From Africa,10548
Bmg Entertainment,17712
SPV/Steamhammer,18165
Canvasback,27472
Streamcut & RCA Records,29005
ASAP Worldwide / RCA,13065
Whatever's Clever,27903
Joyful Noise Recordings,26919
Artist Partners,14760
Megaforce / Music for Nations,12036
Brain Records,4289
"Highway 20, Thirty Tigers",27659
Agency 99,28115
Checkbook Records,25815
Retrohash,28119
"OVO Sound, Warner",27899
Thrill Forever,28486
Drag City Records,26660
"Aura, Sony",29052
Stony Plain,22508
Fake Record Label,14605
Forever Living Originals,25888
Cooking Vinyl Limited,27322
Alive,286
PNKSLM,12605
Akira,22765
b4 / Remote Control,28032
Cloud Recordings,185
The SpitSLAM Record,28138
Paper Route Empire,16222
Hogg Life,28118
"Atlantic, Rhino",4222
Uppity Cracker,7043
"Tha Alumni Music Group, 88 Classic, RCA",7432
Wharf Cat,15744
Audiogram,15226
E-Tron,28505
Eighteenth Street,2017
Lovers Music,28061
"Parkwood, Columbia",22661
Top Dawg Entertainment,2299
Kanine,1325
Annie Melody,28613
"Drag City, Carrot Top",29960
Dine Alone Records,28214
Basement's Basement,28184
Razor Sharp / Epic Street / Sony Music,5394
Unseen Worlds,26636
E.G.,8297
Outer Note,28811
YBNL Nation / EMPIRE,28997
Diana Gordon,23730
Brassland Projects,27743
Naked Music Recordings,24964
"Secretly Canadian, Rough Trade",9665
Dangerbird,70
Revenant,14160
TO3S,27841
Shrimper Records,82
Mutually Detrimental,18870
AntiFragile,27579
Love OnLine,27815
Warner Music Japan,12010
Honey,28840
Pro Era,22638
Dog Knights,25925
Radiokilla Records,28238
Revelation Records,6956
"Elektra, Atlantic",17046
Wrong Again Records,8361
Nevado,13689
"Mad Decent, Columbia",28470
"Taylamade, Atlantic",25178
Instant Records,27127
"Dangerous, EMPIRE",19470
Afterglo,29790
"Mangrove, Southern Lord",7751
Suicide Squeeze Records,9382
Better Noise,27292
MyMusicEmpire,31753
MCM,18110
"Erskine, Columbia",27110
Six Shooter,9643
"Infectious, Mute",8832
"Asylum , Warner Brothers",20639
2000 Zomba Recording LLC,11552
Milan,19782
Colpix,12526
Clivage,19125
Orchid Tapes,7890
"Epiphany, Thirty Tigers, RCA",27334
MCG,27698
Sahel Sounds,25506
"Straight, Warner Bros.",7218
Gearbox,20490
Lento,28660
"Empire, Atlantic",22104
Sonic Unyon,1981
Baby Making,19333
"TSNMI, Atlantic",28284
Memory Music,29001
"Qwest, Warner Bros.",12270
"Little Tokyo, RCA",17129
Transgressive,1296
Alfa Records,8920
Jive / BMG,5852
Warner Bros. Records â€Ž,22368
Dolly,30985
Sugar Hill,7087
"Jive, FFROE, Zomba",20640
Power Plant Studios,14752
Riot,26848
R&R Digital,28413
PME,25048
"Epic, Jet, CBS Associated",12686
Mexican Summer,1262
Atco Records,5981
Warner Bros. / Maverick,1670
Jet,6830
"WEA, Warner Bros.",9339
Jet / United Artists,12678
Yen,21417
Kirshner,13239
WEA,6959
Warner Bros. / United Artists,12677
Cutters,18845
"Little Daggers, Universal Music AS",29097
"Columbia, RED Ink",616
New Aeon Musick,28426
Mailboat,28501
LLC,28487
Geographic North,17725
Chapter Music,14301
Infinite Companion,25732
Hopeles,26532
Maybach,19996
Hefty!,15398
100% Electronica,18005
"Question Everything, Empire",21528
Late August Records,27015
Shelflife,18151
DÃ¤mmerung Arts,8564
Federal Prisoner,23336
Hush,1673
"Grand Hustle, EMPIRE",29116
Restless/Bar/None,16344
Lo Tom,29080
Other Music,6635
Practise,25041
Republic of Music,3289
Infectious,2686
Late August,26993
American Recordings,1000
Albert/Atlantic Records,2783
El Paraiso,6659
Fiction / Sire,3116
Elektra/Asylum,478
Fire Records,12248
Artery,13855
Jade Tree Records,4682
Rise Records,9323
"Sony, Sign of the Times Limited",8005
"Epic, V2",5516
Fiction / Elektra,3112
"Team Wang, JYP Entertainment",27044
Svart,11852
Lava/Atlantic,16200
Sony Music / Kitchenware,16181
"Kitchenware, CBS",16177
Ripple Music,28521
Artoffact Records,28049
Jeepster,1175
Family Jukebox,27627
Zambia Music Parlour,25879
Earache Records,3569
RVNG,5510
P. W. Elverum & Sun,3388
Jade Tree,1925
Cascine / flau,12390
Delmark Records,24008
Delmark,16523
L'ami Du Peuple,29829
Lame-O,17015
ATCO Records,13443
Factory,2990
Ruf,19812
"Vanner, RCA Nashville",26553
